{"cameraMode":{"drawMode":0,"name":"Shaded","section":"Shading Mode"},"sceneLighting":true,"audioPlay":false,"sceneViewState":{"showFog":true,"showMaterialUpdate":false,"showSkybox":true,"showFlares":true,"showImageEffects":true,"showParticleSystems":true},"in2DMode":false,"pivot":{"x":-307.2666015625,"y":20.837427139282228,"z":520.3111572265625},"rotation":{"x":0.042920567095279697,"y":0.9539168477058411,"z":-0.24592360854148866,"w":0.16649943590164185},"size":2.3225269317626955,"orthographic":false}